-0.405000, 7.170000, -0.410000, 90.000000, 321.370000, 0.000000
-0.405000, 7.170000, -0.410000, 90.000000, 321.370000, 0.000000
-0.405000, 7.170000, -0.410000, 90.000000, 321.370000, 0.000000
-0.405000, 7.170000, -0.410000, 90.000000, 321.370000, 0.000000
-0.405000, 7.170000, -0.410000, 90.000000, 321.370000, 0.000000
-0.405000, 7.170000, -0.410000, 90.000000, 321.370000, 0.000000
-0.405000, 7.170000, -0.410000, 90.000000, 321.370000, 0.000000
-0.405000, 7.170000, -0.410000, 90.000000, 321.370000, 0.000000
-0.405000, 7.170000, -0.410000, 90.000000, 321.370000, 0.000000
-0.405000, 7.170000, -0.410000, 90.000000, 321.370000, 0.000000
-0.405000, 7.170000, -0.410000, 90.000000, 321.370000, 0.000000
-0.405000, 7.170000, -0.410000, 90.000000, 321.370000, 0.000000
-0.405000, 7.170000, -0.410000, 90.000000, 321.370000, 0.000000
-0.405000, 7.170000, -0.410000, 90.000000, 321.370000, 0.000000
-0.405000, 7.170000, -0.410000, 90.000000, 321.370000, 0.000000
-0.405000, 7.170000, -0.410000, 90.000000, 321.370000, 0.000000
-0.405000, 7.170000, -0.410000, 90.000000, 321.370000, 0.000000
-0.405000, 7.170000, -0.410000, 90.000000, 321.370000, 0.000000
-0.405000, 7.170000, -0.410000, 90.000000, 321.370000, 0.000000
-0.405000, 7.170000, -0.410000, 90.000000, 321.370000, 0.000000
-0.405000, 7.170000, -0.410000, 90.000000, 321.370000, 0.000000
-0.405000, 7.170000, -0.410000, 90.000000, 321.370000, 0.000000
-0.405000, 7.170000, -0.410000, 90.000000, 321.370000, 0.000000
-0.405000, 7.170000, -0.410000, 90.000000, 321.370000, 0.000000
-0.405000, 7.170000, -0.410000, 90.000000, 321.370000, 0.000000
-0.405000, 7.170000, -0.410000, 90.000000, 321.370000, 0.000000
-0.405000, 7.170000, -0.410000, 90.000000, 321.370000, 0.000000
-0.405000, 7.170000, -0.410000, 90.000000, 321.370000, 0.000000
-0.405000, 7.170000, -0.410000, 90.000000, 321.370000, 0.000000
-0.405000, 7.170000, -0.410000, 90.000000, 321.370000, 0.000000
-0.405000, 7.170000, -0.410000, 90.000000, 321.370000, 0.000000
-0.405000, 7.170000, -0.410000, 90.000000, 321.370000, 0.000000
-0.405000, 7.170000, -0.410000, 90.000000, 321.370000, 0.000000
-0.405000, 7.170000, -0.410000, 90.000000, 321.370000, 0.000000
-0.405000, 7.170000, -0.410000, 90.000000, 321.370000, 0.000000
-0.405000, 7.170000, -0.410000, 90.000000, 321.370000, 0.000000
-0.405000, 7.170000, -0.410000, 90.000000, 321.370000, 0.000000
-0.405000, 7.170000, -0.410000, 90.000000, 321.370000, 0.000000
-0.405000, 7.170000, -0.410000, 90.000000, 321.370000, 0.000000
-0.405000, 7.170000, -0.410000, 90.000000, 321.370000, 0.000000
-0.405000, 7.170000, -0.410000, 90.000000, 321.370000, 0.000000
-0.405000, 7.170000, -0.410000, 90.000000, 321.370000, 0.000000
-0.405000, 7.170000, -0.410000, 90.000000, 321.370000, 0.000000
-0.405000, 7.170000, -0.410000, 90.000000, 321.370000, 0.000000
-0.405000, 7.170000, -0.410000, 90.000000, 321.370000, 0.000000
-0.405000, 7.170000, -0.410000, 90.000000, 321.370000, 0.000000
-0.405000, 7.170000, -0.410000, 90.000000, 321.370000, 0.000000
-0.405000, 7.170000, -0.410000, 90.000000, 321.370000, 0.000000
-0.405000, 7.170000, -0.410000, 90.000000, 321.370000, 0.000000
-0.405000, 7.170000, -0.410000, 90.000000, 321.370000, 0.000000
-0.405000, 7.170000, -0.410000, 90.000000, 321.370000, 0.000000
-0.405000, 7.170000, -0.410000, 90.000000, 321.370000, 0.000000
-0.405000, 7.170000, -0.410000, 90.000000, 321.370000, 0.000000
-0.405000, 7.170000, -0.410000, 90.000000, 321.370000, 0.000000
-0.405000, 7.170000, -0.410000, 90.000000, 321.370000, 0.000000
-0.430271, 6.942983, -0.384729, 87.512180, 114.939900, 142.350900
-0.433565, 6.913395, -0.381435, 87.189380, 115.671200, 141.619400
-0.437129, 6.881380, -0.377871, 86.840300, 116.462700, 140.827900
-0.440311, 6.852797, -0.374689, 86.529150, 117.169400, 140.121100
-0.443811, 6.821353, -0.371189, 86.187610, 117.947100, 139.343600
-0.447184, 6.791052, -0.367816, 85.859050, 118.696500, 138.594000
-0.450632, 6.760080, -0.364368, 85.524070, 119.462800, 137.827700
-0.454038, 6.729479, -0.360962, 85.193850, 120.220000, 137.070400
-0.457641, 6.697118, -0.357360, 84.845470, 121.021100, 136.269500
-0.461219, 6.664973, -0.353781, 84.500500, 121.816900, 135.473600
-0.464613, 6.634482, -0.350387, 84.174220, 122.572100, 134.718400
-0.468069, 6.603441, -0.346932, 83.843120, 123.341100, 133.949400
-0.471535, 6.572301, -0.343465, 83.511970, 124.112800, 133.177800
-0.474962, 6.541512, -0.340038, 83.185810, 124.876000, 132.414500
-0.478469, 6.510015, -0.336532, 82.853360, 125.657000, 131.633400
-0.481971, 6.478555, -0.333029, 82.522670, 126.437400, 130.853000
-0.485450, 6.447301, -0.329550, 82.195480, 127.212900, 130.077300
-0.488711, 6.418002, -0.326289, 81.890110, 127.940300, 129.350000
-0.492051, 6.387998, -0.322949, 81.578670, 128.685500, 128.604800
-0.495663, 6.355555, -0.319337, 81.243550, 129.491500, 127.798700
-0.499250, 6.323330, -0.315750, 80.912360, 130.292400, 126.997800
-0.502496, 6.294176, -0.312505, 80.614270, 131.017500, 126.272800
-0.505949, 6.263152, -0.309051, 80.298710, 131.789300, 125.501000
-0.509311, 6.232955, -0.305690, 79.993230, 132.540800, 124.749400
-0.512865, 6.201021, -0.302135, 79.672030, 133.336000, 123.954200
-0.516426, 6.169039, -0.298575, 79.352380, 134.132800, 123.157400
-0.519816, 6.138582, -0.295184, 79.049870, 134.892100, 122.398300
-0.523343, 6.106895, -0.291657, 78.737110, 135.682300, 121.608100
-0.526806, 6.075792, -0.288194, 78.432240, 136.458500, 120.832000
-0.530410, 6.043417, -0.284591, 78.117100, 137.266700, 120.023700
-0.533983, 6.011321, -0.281018, 77.807020, 138.068500, 119.222000
-0.537507, 5.979662, -0.277493, 77.503500, 138.859800, 118.430700
-0.541026, 5.948049, -0.273974, 77.202770, 139.650500, 117.640100
-0.544678, 5.915239, -0.270322, 76.893230, 140.471500, 116.819000
-0.548727, 5.878865, -0.266273, 76.553150, 141.382300, 115.908200
-0.552418, 5.845707, -0.262582, 76.246100, 142.213200, 115.077400
-0.555964, 5.813858, -0.259036, 75.953850, 143.011700, 114.278800
-0.559518, 5.781929, -0.255482, 75.663600, 143.812700, 113.477700
-0.563280, 5.748132, -0.251720, 75.359360, 144.661200, 112.629300
-0.568375, 5.702367, -0.246625, 74.952490, 145.811100, 111.479500
-0.572440, 5.665846, -0.242560, 74.632110, 146.729400, 110.561100
-0.575534, 5.638056, -0.239466, 74.390880, 147.428700, 109.861800
-0.579618, 5.601369, -0.235382, 74.076040, 148.352400, 108.938100
-0.582700, 5.573685, -0.232301, 73.841130, 149.050000, 108.240500
-0.586160, 5.542598, -0.228840, 73.580170, 149.833800, 107.456800
-0.589644, 5.511301, -0.225356, 73.320480, 150.623400, 106.667300
-0.593157, 5.479740, -0.221843, 73.061810, 151.420100, 105.870500
-0.596567, 5.449113, -0.218434, 72.813870, 152.193800, 105.096800
-0.600621, 5.412688, -0.214379, 72.523020, 153.114600, 104.176000
-0.601359, 5.381501, -0.213642, 72.280340, 153.894400, 103.396200
-0.602141, 5.348372, -0.212859, 72.026130, 154.723300, 102.567300
-0.602977, 5.313027, -0.212023, 71.758970, 155.608300, 101.682300
-0.603710, 5.282023, -0.211291, 71.528140, 156.385200, 100.905500
-0.604491, 5.248949, -0.210509, 71.285600, 157.214400, 100.076200
-0.605352, 5.212545, -0.209649, 71.023080, 158.127800, 99.162790
-0.605302, 5.177798, -0.209698, 70.777070, 158.999900, 98.290770
-0.605262, 5.149375, -0.209738, 70.579100, 159.713600, 97.577040
-0.605209, 5.111980, -0.209791, 70.323120, 160.653300, 96.637310
-0.605163, 5.079580, -0.209837, 70.105550, 161.468100, 95.822530
-0.605114, 5.045325, -0.209886, 69.879800, 162.330100, 94.960530
-0.605068, 5.013041, -0.209932, 69.671110, 163.143100, 94.147580
-0.605026, 4.983118, -0.209974, 69.481290, 163.897100, 93.393610
-0.605000, 4.964983, -0.210000, 69.255110, 164.814600, 92.476070
-0.605000, 4.921586, -0.210000, 68.992200, 165.909700, 91.381020
-0.605000, 4.891246, -0.210000, 68.812850, 166.675800, 90.614890
-0.605000, 4.859283, -0.210000, 68.627930, 167.483400, 89.807310
-0.605000, 4.828347, -0.210000, 68.452870, 168.265500, 89.025190
-0.605000, 4.791059, -0.210000, 68.249810, 169.196300, 88.094360
-0.605000, 4.760302, -0.210000, 68.086320, 169.965500, 87.325270
-0.605000, 4.727238, -0.210000, 67.914670, 170.793800, 86.496950
-0.605000, 4.695291, -0.210000, 67.752900, 171.595500, 85.695220
-0.605000, 4.664067, -0.210000, 67.588330, 172.434200, 84.856580
-0.603692, 4.632724, -0.210000, 67.437710, 173.224000, 84.066800
-0.602230, 4.597665, -0.210000, 67.274000, 174.108800, 83.181900
-0.600918, 4.566216, -0.210000, 67.131530, 174.903700, 82.387080
-0.599592, 4.534433, -0.210000, 66.991790, 175.708100, 81.582700
-0.598205, 4.501195, -0.210000, 66.850280, 176.550300, 80.740390
-0.596848, 4.468671, -0.210000, 66.716430, 177.375500, 79.915230
-0.595895, 4.445836, -0.210000, 66.590980, 178.176900, 79.113850
-0.605753, 4.415961, -0.210000, 66.470370, 178.976000, 78.314730
-0.615747, 4.385673, -0.210000, 66.352580, 179.786900, 77.503760
-0.625569, 4.355905, -0.210000, 66.241240, 180.584600, 76.706050
-0.635511, 4.325774, -0.210000, 66.133100, 181.392700, 75.898000
-0.645488, 4.295538, -0.210000, 66.029170, 182.204100, 75.086590
-0.655357, 4.265629, -0.210000, 65.930920, 183.007300, 74.283390
-0.662737, 4.243261, -0.210000, 65.834590, 183.834400, 73.456310
-0.677336, 4.217595, -0.210000, 65.751080, 184.588200, 72.702480
-0.692276, 4.191328, -0.210000, 65.669810, 185.360100, 71.930630
-0.707875, 4.163902, -0.210000, 65.593790, 186.122300, 71.168380
-0.722796, 4.137669, -0.210000, 65.593790, 186.122300, 71.168380
-0.737850, 4.111201, -0.210000, 65.593790, 186.122300, 71.168380
-0.753631, 4.083457, -0.210000, 65.593790, 186.122300, 71.168380
-0.764672, 4.064046, -0.210000, 65.593790, 186.122300, 71.168380
-0.771588, 4.033030, -0.210000, 65.593790, 186.122300, 71.168380
-0.778436, 4.002318, -0.210000, 65.593790, 186.122300, 71.168380
-0.785226, 3.971869, -0.210000, 65.593790, 186.122300, 71.168380
-0.792072, 3.941163, -0.210000, 65.593790, 186.122300, 71.168380
-0.799087, 3.909704, -0.210000, 65.593790, 186.122300, 71.168380
-0.805730, 3.879912, -0.210000, 65.593790, 186.122300, 71.168380
-0.811372, 3.854609, -0.210000, 65.593790, 186.122300, 71.168380
-0.810456, 3.821618, -0.210000, 65.593790, 186.122300, 71.168380
-0.809585, 3.790290, -0.210000, 65.593790, 186.122300, 71.168380
-0.808749, 3.760188, -0.210000, 65.593790, 186.122300, 71.168380
-0.807889, 3.729224, -0.210000, 65.593790, 186.122300, 71.168380
-0.807061, 3.699421, -0.210000, 65.593790, 186.122300, 71.168380
-0.806087, 3.664352, -0.210000, 65.593790, 186.122300, 71.168380
-0.805261, 3.634611, -0.210000, 65.593790, 186.122300, 71.168380
-0.805225, 3.605310, -0.210000, 65.593790, 186.122300, 71.168380
-0.805186, 3.573929, -0.210000, 65.593790, 186.122300, 71.168380
-0.805141, 3.537037, -0.210000, 65.593790, 186.122300, 71.168380
-0.805102, 3.505767, -0.210000, 65.593790, 186.122300, 71.168380
-0.805060, 3.471229, -0.210000, 65.593790, 186.122300, 71.168380
-0.805017, 3.436214, -0.210000, 65.593790, 186.122300, 71.168380
-0.805000, 3.422525, -0.210000, 65.593790, 186.122300, 71.168380
-0.805000, 3.391349, -0.210000, 65.593790, 186.122300, 71.168380
-0.805000, 3.355725, -0.210000, 65.593790, 186.122300, 71.168380
-0.805000, 3.323583, -0.210000, 65.593790, 186.122300, 71.168380
-0.805000, 3.284301, -0.210000, 65.593790, 186.122300, 71.168380
-0.805000, 3.259957, -0.210000, 65.593790, 186.122300, 71.168380
-0.805000, 3.228802, -0.210000, 65.593790, 186.122300, 71.168380
-0.805000, 3.205887, -0.210000, 65.593790, 186.122300, 71.168380
-0.805654, 3.175931, -0.210327, 65.593790, 186.122300, 71.168380
-0.806345, 3.144310, -0.210672, 65.593790, 186.122300, 71.168380
-0.807017, 3.113517, -0.211009, 65.593790, 186.122300, 71.168380
-0.807723, 3.081172, -0.211362, 65.593790, 186.122300, 71.168380
-0.808400, 3.050168, -0.211700, 65.593790, 186.122300, 71.168380
-0.809045, 3.020661, -0.212022, 65.593790, 186.122300, 71.168380
-0.809533, 2.998274, -0.212267, 65.593790, 186.122300, 71.168380
-0.803359, 2.969118, -0.209050, 65.593790, 186.122300, 71.168380
-0.797091, 2.939515, -0.205785, 65.593790, 186.122300, 71.168380
-0.790485, 2.908319, -0.202343, 65.593790, 186.122300, 71.168380
-0.784129, 2.878307, -0.199033, 65.593790, 186.122300, 71.168380
-0.777433, 2.846683, -0.195544, 65.593790, 186.122300, 71.168380
-0.771069, 2.816631, -0.192229, 65.593790, 186.122300, 71.168380
-0.767100, 2.797886, -0.190161, 65.593790, 186.122300, 71.168380
-0.760403, 2.767269, -0.186400, 65.593790, 186.122300, 71.168380
-0.753731, 2.736761, -0.182652, 65.593790, 186.122300, 71.168380
-0.746721, 2.704711, -0.178715, 65.593790, 186.122300, 71.168380
-0.740152, 2.674672, -0.175024, 65.593790, 186.122300, 71.168380
-0.733467, 2.644109, -0.171270, 65.593790, 186.122300, 71.168380
-0.726951, 2.614314, -0.167609, 65.593790, 186.122300, 71.168380
-0.720724, 2.585842, -0.164111, 65.593790, 186.122300, 71.168380
-0.713960, 2.555390, -0.160199, 65.593790, 186.122300, 71.168380
-0.707899, 2.528102, -0.156693, 65.593790, 186.122300, 71.168380
-0.701233, 2.498088, -0.152837, 65.593790, 186.122300, 71.168380
-0.694601, 2.468225, -0.149000, 65.593790, 186.122300, 71.168380
-0.687969, 2.438369, -0.145164, 65.593790, 186.122300, 71.168380
-0.681172, 2.407763, -0.141232, 65.593790, 186.122300, 71.168380
-0.673899, 2.375016, -0.137025, 65.593790, 186.122300, 71.168380
-0.666691, 2.343806, -0.132927, 65.593790, 186.122300, 71.168380
-0.659728, 2.313656, -0.128969, 65.593790, 186.122300, 71.168380
-0.653058, 2.284774, -0.125177, 65.593790, 186.122300, 71.168380
-0.646209, 2.255121, -0.121284, 65.593790, 186.122300, 71.168380
-0.639276, 2.225102, -0.117342, 65.593790, 186.122300, 71.168380
-0.632385, 2.195262, -0.113425, 65.593790, 186.122300, 71.168380
-0.625248, 2.164359, -0.109367, 65.593790, 186.122300, 71.168380
-0.617729, 2.133670, -0.105338, 65.593790, 186.122300, 71.168380
-0.610721, 2.105068, -0.101583, 65.593790, 186.122300, 71.168380
-0.603589, 2.075962, -0.097762, 65.593790, 186.122300, 71.168380
-0.596297, 2.046201, -0.093855, 65.593790, 186.122300, 71.168380
-0.588985, 2.016359, -0.089937, 65.593790, 186.122300, 71.168380
-0.581676, 1.986527, -0.086021, 65.593790, 186.122300, 71.168380
-0.573804, 1.954401, -0.081803, 65.593790, 186.122300, 71.168380
-0.570960, 1.942793, -0.080279, 65.593790, 186.122300, 71.168380
-0.562784, 1.912039, -0.076331, 65.593790, 186.122300, 71.168380
-0.554754, 1.881836, -0.072454, 65.593790, 186.122300, 71.168380
-0.546795, 1.851900, -0.068612, 65.593790, 186.122300, 71.168380
-0.539164, 1.823198, -0.064927, 65.593790, 186.122300, 71.168380
-0.531146, 1.793041, -0.061056, 65.593790, 186.122300, 71.168380
-0.523067, 1.762654, -0.057156, 65.593790, 186.122300, 71.168380
-0.514925, 1.732031, -0.053225, 65.593790, 186.122300, 71.168380
-0.506078, 1.701730, -0.049512, 65.593790, 186.122300, 71.168380
-0.496800, 1.669951, -0.045618, 65.593790, 186.122300, 71.168380
-0.488207, 1.640519, -0.042012, 65.593790, 186.122300, 71.168380
-0.479762, 1.611596, -0.038467, 65.593790, 186.122300, 71.168380
-0.471313, 1.582657, -0.034921, 65.593790, 186.122300, 71.168380
-0.462492, 1.552445, -0.031219, 65.593790, 186.122300, 71.168380
-0.453138, 1.520408, -0.027294, 65.593790, 186.122300, 71.168380
-0.442892, 1.492596, -0.024260, 65.593790, 186.122300, 71.168380
-0.431878, 1.462698, -0.021000, 65.593790, 186.122300, 71.168380
-0.420571, 1.432002, -0.017652, 65.593790, 186.122300, 71.168380
-0.409534, 1.402041, -0.014385, 65.593790, 186.122300, 71.168380
-0.398408, 1.371838, -0.011091, 65.593790, 186.122300, 71.168380
-0.388206, 1.344145, -0.008070, 65.593790, 186.122300, 71.168380
-0.383363, 1.330997, -0.006637, 65.593790, 186.122300, 71.168380
-0.359695, 1.310933, -0.007088, 65.593790, 186.122300, 71.168380
-0.336294, 1.291095, -0.007535, 65.593790, 186.122300, 71.168380
-0.312662, 1.271061, -0.007986, 65.593790, 186.122300, 71.168380
-0.288214, 1.250336, -0.008453, 65.593790, 186.122300, 71.168380
-0.264222, 1.229997, -0.008910, 65.593790, 186.122300, 71.168380
-0.239937, 1.209410, -0.009374, 65.593790, 186.122300, 71.168380
-0.217720, 1.190575, -0.009798, 65.593790, 186.122300, 71.168380
-0.215670, 1.160314, -0.009743, 65.593790, 186.122300, 71.168380
-0.213604, 1.129791, -0.009687, 65.593790, 186.122300, 71.168380
-0.211495, 1.098653, -0.009631, 65.593790, 186.122300, 71.168380
-0.209321, 1.066554, -0.009572, 65.593790, 186.122300, 71.168380
-0.207145, 1.034418, -0.009514, 65.593790, 186.122300, 71.168380
-0.204892, 1.001138, -0.009454, 65.593790, 186.122300, 71.168380
-0.203946, 0.987173, -0.009428, 65.593790, 186.122300, 71.168380
-0.205197, 0.957250, -0.010886, 65.593790, 186.122300, 71.168380
-0.206471, 0.926763, -0.012370, 65.593790, 186.122300, 71.168380
-0.207764, 0.895828, -0.013877, 65.593790, 186.122300, 71.168380
-0.209061, 0.864783, -0.015389, 65.593790, 186.122300, 71.168380
-0.210356, 0.833797, -0.016898, 65.593790, 186.122300, 71.168380
-0.211690, 0.801883, -0.018452, 65.593790, 186.122300, 71.168380
-0.212594, 0.780249, -0.019506, 65.593790, 186.122300, 71.168380
-0.214014, 0.750752, -0.026876, 65.593790, 186.122300, 71.168380
-0.215431, 0.721316, -0.034231, 65.593790, 186.122300, 71.168380
-0.216874, 0.691352, -0.041718, 65.593790, 186.122300, 71.168380
-0.218313, 0.661456, -0.049188, 65.593790, 186.122300, 71.168380
-0.219793, 0.630721, -0.056867, 65.593790, 186.122300, 71.168380
-0.221249, 0.600470, -0.064426, 65.593790, 186.122300, 71.168380
-0.222683, 0.570684, -0.071868, 65.593790, 186.122300, 71.168380
-0.224353, 0.535996, -0.080536, 65.593790, 186.122300, 71.168380
-0.225882, 0.504237, -0.088471, 65.593790, 186.122300, 71.168380
-0.227423, 0.472226, -0.096469, 65.593790, 186.122300, 71.168380
-0.228943, 0.440653, -0.104358, 65.593790, 186.122300, 71.168380
-0.230361, 0.411207, -0.111716, 65.593790, 186.122300, 71.168380
-0.231788, 0.381560, -0.119123, 65.593790, 186.122300, 71.168380
-0.233158, 0.353105, -0.126233, 65.593790, 186.122300, 71.168380
-0.234628, 0.322574, -0.133862, 65.593790, 186.122300, 71.168380
-0.236061, 0.292809, -0.141299, 65.593790, 186.122300, 71.168380
-0.237528, 0.262325, -0.148916, 65.593790, 186.122300, 71.168380
-0.239033, 0.231076, -0.156724, 65.593790, 186.122300, 71.168380
-0.240417, 0.202323, -0.163908, 65.593790, 186.122300, 71.168380
-0.241807, 0.173448, -0.171123, 65.593790, 186.122300, 71.168380
-0.241807, 0.173448, -0.171123, 65.593790, 186.122300, 71.168380
-0.241807, 0.173448, -0.171123, 65.593790, 186.122300, 71.168380
-0.241807, 0.173448, -0.171123, 65.593790, 186.122300, 71.168380
-0.241807, 0.173448, -0.171123, 65.593790, 186.122300, 71.168380
-0.241807, 0.173448, -0.171123, 65.593790, 186.122300, 71.168380
-0.241807, 0.173448, -0.171123, 65.593790, 186.122300, 71.168380
-0.241807, 0.173448, -0.171123, 65.593790, 186.122300, 71.168380
-0.241807, 0.173448, -0.171123, 65.593790, 186.122300, 71.168380
-0.241807, 0.173448, -0.171123, 65.593790, 186.122300, 71.168380
-0.241807, 0.173448, -0.171123, 65.593790, 186.122300, 71.168380
-0.241807, 0.173448, -0.171123, 65.593790, 186.122300, 71.168380
-0.241807, 0.173448, -0.171123, 65.593790, 186.122300, 71.168380
-0.241807, 0.173448, -0.171123, 65.593790, 186.122300, 71.168380
-0.241807, 0.173448, -0.171123, 65.593790, 186.122300, 71.168380
-0.241807, 0.173448, -0.171123, 65.593790, 186.122300, 71.168380
-0.241807, 0.173448, -0.171123, 65.593790, 186.122300, 71.168380
-0.241807, 0.173448, -0.171123, 65.593790, 186.122300, 71.168380
-0.241807, 0.173448, -0.171123, 65.593790, 186.122300, 71.168380
-0.241807, 0.173448, -0.171123, 65.593790, 186.122300, 71.168380
-0.241807, 0.173448, -0.171123, 65.593790, 186.122300, 71.168380
-0.241807, 0.173448, -0.171123, 65.593790, 186.122300, 71.168380
-0.241807, 0.173448, -0.171123, 65.593790, 186.122300, 71.168380
-0.241807, 0.173448, -0.171123, 65.593790, 186.122300, 71.168380
-0.241807, 0.173448, -0.171123, 65.593790, 186.122300, 71.168380
-0.241807, 0.173448, -0.171123, 65.593790, 186.122300, 71.168380
-0.241807, 0.173448, -0.171123, 65.593790, 186.122300, 71.168380
-0.241807, 0.173448, -0.171123, 65.593790, 186.122300, 71.168380
-0.241807, 0.173448, -0.171123, 65.593790, 186.122300, 71.168380
-0.241807, 0.173448, -0.171123, 65.593790, 186.122300, 71.168380
-0.241807, 0.173448, -0.171123, 65.593790, 186.122300, 71.168380
-0.241807, 0.173448, -0.171123, 65.593790, 186.122300, 71.168380
-0.241807, 0.173448, -0.171123, 65.593790, 186.122300, 71.168380
-0.241807, 0.173448, -0.171123, 65.593790, 186.122300, 71.168380
-0.241807, 0.173448, -0.171123, 65.593790, 186.122300, 71.168380
-0.241807, 0.173448, -0.171123, 65.593790, 186.122300, 71.168380
-0.241807, 0.173448, -0.171123, 65.593790, 186.122300, 71.168380
-0.241807, 0.173448, -0.171123, 65.593790, 186.122300, 71.168380
-0.241807, 0.173448, -0.171123, 65.593790, 186.122300, 71.168380
-0.236308, 0.287673, -0.142582, 66.412760, 183.139100, 74.151600
-0.234718, 0.320703, -0.134329, 66.661240, 182.278200, 75.012550
-0.233248, 0.351221, -0.126704, 66.895370, 181.483400, 75.807330
-0.231865, 0.379951, -0.119525, 67.119750, 180.735800, 76.554940
-0.230326, 0.411916, -0.111539, 67.373820, 179.904700, 77.386010
-0.228789, 0.443853, -0.103559, 67.632330, 179.075100, 78.215610
-0.227308, 0.474617, -0.095872, 67.885620, 178.276700, 79.014020
-0.225841, 0.505091, -0.088258, 68.140660, 177.486500, 79.804240
-0.224398, 0.535065, -0.080768, 68.395500, 176.709900, 80.580820
-0.222980, 0.564514, -0.073410, 68.649630, 175.947500, 81.343150
-0.221534, 0.594545, -0.065906, 68.912590, 175.170800, 82.119900
-0.220111, 0.624105, -0.058520, 69.175090, 174.406900, 82.883810
-0.218668, 0.654071, -0.051033, 69.444920, 173.633100, 83.657550
-0.217140, 0.685825, -0.043099, 69.734850, 172.814000, 84.476730
-0.215665, 0.716461, -0.035444, 70.018400, 172.024300, 85.266370
-0.214175, 0.747397, -0.027714, 70.308510, 171.227700, 86.063010
-0.212691, 0.778222, -0.020012, 70.601280, 170.434600, 86.856140
-0.214910, 0.753097, -0.041241, 70.908580, 169.613300, 87.677440
-0.216985, 0.729595, -0.061098, 71.199500, 168.845800, 88.445010
-0.219151, 0.705058, -0.081830, 71.506770, 168.045100, 89.245690
-0.221257, 0.681207, -0.101982, 71.808850, 167.267500, 90.023280
-0.223476, 0.656083, -0.123211, 72.130620, 166.449100, 90.841710
-0.225561, 0.632463, -0.143167, 72.436350, 165.680300, 91.610440
-0.227743, 0.607753, -0.164046, 72.759590, 164.876800, 92.414020
-0.229970, 0.582532, -0.185356, 73.092940, 164.057300, 93.233490
-0.232233, 0.556895, -0.207017, 73.435220, 163.225100, 94.065720
-0.234362, 0.532786, -0.227387, 73.760260, 162.443100, 94.847680
-0.236539, 0.508134, -0.248216, 74.095760, 161.644200, 95.646600
-0.238791, 0.482632, -0.269763, 74.446000, 160.818400, 96.472400
-0.240916, 0.458554, -0.290107, 74.779590, 160.039400, 97.251410
-0.241807, 0.448469, -0.298628, 75.120410, 159.250800, 98.040040
-0.241807, 0.475655, -0.311888, 75.445050, 158.506100, 98.784730
-0.241807, 0.503619, -0.325527, 75.781480, 157.740700, 99.550160
-0.241807, 0.532127, -0.339431, 76.127090, 156.960900, 100.329900
-0.241807, 0.560289, -0.353166, 76.470960, 156.191200, 101.099600
-0.241807, 0.588247, -0.366802, 76.814760, 155.427600, 101.863200
-0.241807, 0.617165, -0.380906, 77.172810, 154.638300, 102.652500
-0.241807, 0.645915, -0.394929, 77.531140, 153.854200, 103.436600
-0.241807, 0.662782, -0.403155, 77.894940, 153.063800, 104.227000
-0.241807, 0.691391, -0.418082, 78.261050, 152.273800, 105.017000
-0.241807, 0.720344, -0.433189, 78.633900, 151.474900, 105.815900
-0.241807, 0.748481, -0.447870, 78.998280, 150.699000, 106.591800
-0.241807, 0.777109, -0.462807, 79.371050, 149.910000, 107.380800
-0.241807, 0.806212, -0.477992, 79.752090, 149.108500, 108.182300
-0.241807, 0.834230, -0.492612, 80.120800, 148.337200, 108.953600
-0.241807, 0.851317, -0.501527, 80.513370, 147.520700, 109.770100
-0.241807, 0.878708, -0.518325, 80.891950, 146.737400, 110.553300
-0.241807, 0.906299, -0.535246, 81.274990, 145.948900, 111.341900
-0.241807, 0.934015, -0.552245, 81.655980, 145.168200, 112.122600
-0.241807, 0.961623, -0.569176, 82.037550, 144.389900, 112.900800
-0.241807, 0.989447, -0.586241, 82.424130, 143.604900, 113.685900
-0.241807, 1.008124, -0.597694, 82.812360, 142.819600, 114.471200
-0.241807, 1.031539, -0.621777, 83.214040, 142.010500, 115.280200
-0.241807, 1.053424, -0.644285, 83.590970, 141.253800, 116.036800
-0.241807, 1.075774, -0.667272, 83.977380, 140.480600, 116.810000
-0.241807, 1.098138, -0.690273, 84.365640, 139.706500, 117.584100
-0.241807, 1.121332, -0.714127, 84.769650, 138.903200, 118.387300
-0.241807, 1.142084, -0.735471, 85.132290, 138.184200, 119.106400
-0.241807, 1.164368, -0.758390, 85.522850, 137.411700, 119.878800
-0.241807, 1.179449, -0.773901, 85.907820, 136.652100, 120.638400
-0.241807, 1.210746, -0.773520, 86.292190, 135.895300, 121.395300
-0.241807, 1.241493, -0.773146, 86.670810, 135.151500, 122.139200
-0.241807, 1.272279, -0.772771, 87.050380, 134.406400, 122.884100
-0.241807, 1.303516, -0.772391, 87.436390, 133.650200, 123.640100
-0.241807, 1.335521, -0.772001, 87.832190, 132.875400, 124.414800
-0.241807, 1.367686, -0.771610, 88.230650, 132.096700, 125.193700
-0.241807, 1.400015, -0.771217, 88.631840, 131.313700, 125.976400
-0.241807, 1.431806, -0.771204, 89.026220, 130.543600, 126.746200
-0.241807, 1.463304, -0.771192, 89.417510, 129.781300, 127.509300
-0.241807, 1.495224, -0.771180, 89.815480, 129.008400, 128.282000
-0.241807, 1.526977, -0.771167, 90.000000, 0.000000, 0.000000
-0.241807, 1.557956, -0.771155, 90.000000, 0.000000, 0.000000
-0.241807, 1.589853, -0.771143, 90.000000, 0.000000, 0.000000
-0.241807, 1.621296, -0.771131, 90.000000, 0.000000, 0.000000
-0.241807, 1.641441, -0.771123, 90.000000, 0.000000, 0.000000
-0.241807, 1.671094, -0.771123, 90.000000, 0.000000, 0.000000
-0.241807, 1.700872, -0.771123, 90.000000, 0.000000, 0.000000
-0.241807, 1.730749, -0.771123, 90.000000, 0.000000, 0.000000
-0.241807, 1.760789, -0.771123, 90.000000, 0.000000, 0.000000
-0.241807, 1.791968, -0.771123, 90.000000, 0.000000, 0.000000
-0.241807, 1.822839, -0.771123, 90.000000, 0.000000, 0.000000
-0.241807, 1.853795, -0.771123, 90.000000, 0.000000, 0.000000
-0.241807, 1.884919, -0.771123, 90.000000, 0.000000, 0.000000
-0.241807, 1.916237, -0.771123, 90.000000, 0.000000, 0.000000
-0.241807, 1.947260, -0.771123, 90.000000, 0.000000, 0.000000
-0.241807, 1.978916, -0.771123, 90.000000, 0.000000, 0.000000
-0.241807, 2.022973, -0.771123, 90.000000, 0.000000, 0.000000
-0.241807, 2.052534, -0.771123, 90.000000, 0.000000, 0.000000
-0.241807, 2.084747, -0.771123, 90.000000, 0.000000, 0.000000
-0.241807, 2.118427, -0.771123, 90.000000, 0.000000, 0.000000
-0.241807, 2.151726, -0.771123, 90.000000, 0.000000, 0.000000
-0.241807, 2.189328, -0.771123, 90.000000, 0.000000, 0.000000
-0.241807, 2.220345, -0.771123, 90.000000, 0.000000, 0.000000
-0.241807, 2.252634, -0.771123, 90.000000, 0.000000, 0.000000
-0.241807, 2.289495, -0.771123, 90.000000, 0.000000, 0.000000
-0.241807, 2.320739, -0.771123, 90.000000, 0.000000, 0.000000
-0.241807, 2.337499, -0.771123, 90.000000, 0.000000, 0.000000
-0.241807, 2.360470, -0.771123, 90.000000, 0.000000, 0.000000
-0.241807, 2.392380, -0.771123, 90.000000, 0.000000, 0.000000
-0.241807, 2.423013, -0.771123, 90.000000, 0.000000, 0.000000
-0.241807, 2.454589, -0.771123, 90.000000, 0.000000, 0.000000
-0.241807, 2.485208, -0.771123, 90.000000, 0.000000, 0.000000
-0.241807, 2.506544, -0.771123, 90.000000, 0.000000, 0.000000
-0.241807, 2.537293, -0.771123, 90.000000, 0.000000, 0.000000
-0.241807, 2.566990, -0.771123, 90.000000, 0.000000, 0.000000
-0.241807, 2.597333, -0.771123, 90.000000, 0.000000, 0.000000
-0.241807, 2.627259, -0.771123, 90.000000, 0.000000, 0.000000
-0.241807, 2.657499, -0.771123, 90.000000, 0.000000, 0.000000
-0.241807, 2.688227, -0.771123, 90.000000, 0.000000, 0.000000
-0.241807, 2.720851, -0.771123, 90.000000, 0.000000, 0.000000
-0.241807, 2.732935, -0.771123, 90.000000, 0.000000, 0.000000
-0.241807, 2.763850, -0.771123, 90.000000, 0.000000, 0.000000
-0.241807, 2.794795, -0.771123, 90.000000, 0.000000, 0.000000
-0.241807, 2.825397, -0.771123, 90.000000, 0.000000, 0.000000
-0.241807, 2.856284, -0.771123, 90.000000, 0.000000, 0.000000
-0.241807, 2.887051, -0.771123, 90.000000, 0.000000, 0.000000
-0.241807, 2.917458, -0.771123, 90.000000, 0.000000, 0.000000
-0.241807, 2.946726, -0.771123, 90.000000, 0.000000, 0.000000
-0.241807, 2.960416, -0.771123, 90.000000, 0.000000, 0.000000
-0.241807, 2.990130, -0.771123, 90.000000, 0.000000, 0.000000
-0.241807, 3.020285, -0.771123, 90.000000, 0.000000, 0.000000
-0.241807, 3.066919, -0.771123, 90.000000, 0.000000, 0.000000
-0.241807, 3.096795, -0.771123, 90.000000, 0.000000, 0.000000
-0.241807, 3.131390, -0.771123, 90.000000, 0.000000, 0.000000
-0.241807, 3.161887, -0.771123, 90.000000, 0.000000, 0.000000
-0.241807, 3.178977, -0.771123, 90.000000, 0.000000, 0.000000
-0.241807, 3.207660, -0.771123, 90.000000, 0.000000, 0.000000
-0.241807, 3.237128, -0.771123, 90.000000, 0.000000, 0.000000
-0.241807, 3.267935, -0.771123, 90.000000, 0.000000, 0.000000
-0.241807, 3.298724, -0.771123, 90.000000, 0.000000, 0.000000
-0.241807, 3.329381, -0.771123, 90.000000, 0.000000, 0.000000
-0.241807, 3.360420, -0.771123, 90.000000, 0.000000, 0.000000
-0.241807, 3.390034, -0.771123, 90.000000, 0.000000, 0.000000
-0.241803, 3.421427, -0.771132, 90.000000, 0.000000, 0.000000
-0.241799, 3.452296, -0.771142, 90.000000, 0.000000, 0.000000
-0.241794, 3.483054, -0.771151, 90.000000, 0.000000, 0.000000
-0.241790, 3.512983, -0.771160, 90.000000, 0.000000, 0.000000
-0.241786, 3.542895, -0.771169, 90.000000, 0.000000, 0.000000
-0.241782, 3.574659, -0.771178, 90.000000, 0.000000, 0.000000
-0.241778, 3.605662, -0.771188, 90.000000, 0.000000, 0.000000
-0.241776, 3.620753, -0.771192, 90.000000, 0.000000, 0.000000
-0.241648, 3.651692, -0.771475, 90.000000, 0.000000, 0.000000
-0.241512, 3.684371, -0.771775, 90.000000, 0.000000, 0.000000
-0.241387, 3.714675, -0.772052, 90.000000, 0.000000, 0.000000
-0.241263, 3.744599, -0.772326, 90.000000, 0.000000, 0.000000
-0.241140, 3.774441, -0.772599, 90.000000, 0.000000, 0.000000
-0.241014, 3.804883, -0.772878, 90.000000, 0.000000, 0.000000
-0.240883, 3.836397, -0.773167, 90.000000, 0.000000, 0.000000
-0.240840, 3.846828, -0.773262, 90.000000, 0.000000, 0.000000
-0.240583, 3.876261, -0.773832, 90.000000, 0.000000, 0.000000
-0.240323, 3.905969, -0.774407, 90.000000, 0.000000, 0.000000
-0.240056, 3.936470, -0.774998, 90.000000, 0.000000, 0.000000
-0.239795, 3.966267, -0.775575, 90.000000, 0.000000, 0.000000
-0.239508, 3.999035, -0.776210, 90.000000, 0.000000, 0.000000
-0.239243, 4.029378, -0.776797, 90.000000, 0.000000, 0.000000
-0.238984, 4.058890, -0.777369, 90.000000, 0.000000, 0.000000
-0.238615, 4.089768, -0.778187, 90.000000, 0.000000, 0.000000
-0.238257, 4.119628, -0.778979, 90.000000, 0.000000, 0.000000
-0.237884, 4.150746, -0.779804, 90.000000, 0.000000, 0.000000
-0.237516, 4.181499, -0.780619, 90.000000, 0.000000, 0.000000
-0.237133, 4.213408, -0.781465, 90.000000, 0.000000, 0.000000
-0.236777, 4.243130, -0.782253, 90.000000, 0.000000, 0.000000
-0.236427, 4.272329, -0.783027, 90.000000, 0.000000, 0.000000
-0.236213, 4.290202, -0.783501, 90.000000, 0.000000, 0.000000
-0.235591, 4.333864, -0.784878, 90.000000, 0.000000, 0.000000
-0.235172, 4.363203, -0.785804, 90.000000, 0.000000, 0.000000
-0.234743, 4.393322, -0.786755, 90.000000, 0.000000, 0.000000
-0.234314, 4.423382, -0.787703, 90.000000, 0.000000, 0.000000
-0.233876, 4.454146, -0.788674, 90.000000, 0.000000, 0.000000
-0.233411, 4.486713, -0.789701, 90.000000, 0.000000, 0.000000
-0.232959, 4.518454, -0.790703, 90.000000, 0.000000, 0.000000
-0.232527, 4.548754, -0.791659, 90.000000, 0.000000, 0.000000
-0.232095, 4.579018, -0.792614, 90.000000, 0.000000, 0.000000
-0.231663, 4.609293, -0.793569, 90.000000, 0.000000, 0.000000
-0.231211, 4.640173, -0.794570, 90.000000, 0.000000, 0.000000
-0.230769, 4.670355, -0.795547, 90.000000, 0.000000, 0.000000
-0.230303, 4.702205, -0.796579, 90.000000, 0.000000, 0.000000
-0.229839, 4.733945, -0.797607, 90.000000, 0.000000, 0.000000
-0.229408, 4.763377, -0.798560, 90.000000, 0.000000, 0.000000
-0.228975, 4.792933, -0.799518, 90.000000, 0.000000, 0.000000
-0.228520, 4.824035, -0.800525, 90.000000, 0.000000, 0.000000
-0.228267, 4.841350, -0.801086, 90.000000, 0.000000, 0.000000
-0.227841, 4.873101, -0.802028, 90.000000, 0.000000, 0.000000
-0.227412, 4.905062, -0.802977, 90.000000, 0.000000, 0.000000
-0.227019, 4.934371, -0.803847, 90.000000, 0.000000, 0.000000
-0.226620, 4.964110, -0.804730, 90.000000, 0.000000, 0.000000
-0.226201, 4.995330, -0.805657, 90.000000, 0.000000, 0.000000
-0.225787, 5.026157, -0.806572, 90.000000, 0.000000, 0.000000
-0.225325, 5.060623, -0.807595, 90.000000, 0.000000, 0.000000
-0.225112, 5.076530, -0.808067, 90.000000, 0.000000, 0.000000
-0.224777, 5.107465, -0.808808, 90.000000, 0.000000, 0.000000
-0.224429, 5.139579, -0.809577, 90.000000, 0.000000, 0.000000
-0.224110, 5.169064, -0.810283, 90.000000, 0.000000, 0.000000
-0.223782, 5.199432, -0.811011, 90.000000, 0.000000, 0.000000
-0.223453, 5.229743, -0.811736, 90.000000, 0.000000, 0.000000
-0.223085, 5.263815, -0.812552, 90.000000, 0.000000, 0.000000
-0.222757, 5.294136, -0.813279, 90.000000, 0.000000, 0.000000
-0.222632, 5.305608, -0.813553, 90.000000, 0.000000, 0.000000
-0.222414, 5.337565, -0.814036, 90.000000, 0.000000, 0.000000
-0.222212, 5.367116, -0.814483, 90.000000, 0.000000, 0.000000
-0.222008, 5.396979, -0.814934, 90.000000, 0.000000, 0.000000
-0.221801, 5.427360, -0.815393, 90.000000, 0.000000, 0.000000
-0.221587, 5.458626, -0.815866, 90.000000, 0.000000, 0.000000
-0.221379, 5.489101, -0.816327, 90.000000, 0.000000, 0.000000
-0.221167, 5.520219, -0.816797, 90.000000, 0.000000, 0.000000
-0.221018, 5.541994, -0.817126, 90.000000, 0.000000, 0.000000
-0.220974, 5.573445, -0.817223, 90.000000, 0.000000, 0.000000
-0.220928, 5.606060, -0.817324, 90.000000, 0.000000, 0.000000
-0.220887, 5.635565, -0.817415, 90.000000, 0.000000, 0.000000
-0.220845, 5.666018, -0.817509, 90.000000, 0.000000, 0.000000
-0.220802, 5.696691, -0.817604, 90.000000, 0.000000, 0.000000
-0.220759, 5.727396, -0.817698, 90.000000, 0.000000, 0.000000
-0.220715, 5.758835, -0.817796, 90.000000, 0.000000, 0.000000
-0.220694, 5.774210, -0.817843, 90.000000, 0.000000, 0.000000
-0.220849, 5.803908, -0.817501, 90.000000, 0.000000, 0.000000
-0.221003, 5.833551, -0.817159, 90.000000, 0.000000, 0.000000
-0.221162, 5.864086, -0.816807, 90.000000, 0.000000, 0.000000
-0.221322, 5.894809, -0.816453, 90.000000, 0.000000, 0.000000
-0.221493, 5.927641, -0.816075, 90.000000, 0.000000, 0.000000
-0.221663, 5.960294, -0.815698, 90.000000, 0.000000, 0.000000
-0.221822, 5.990768, -0.815347, 90.000000, 0.000000, 0.000000
-0.222222, 6.021488, -0.814463, 90.000000, 0.000000, 0.000000
-0.222609, 6.051302, -0.813604, 90.000000, 0.000000, 0.000000
-0.223015, 6.082457, -0.812707, 90.000000, 0.000000, 0.000000
-0.223417, 6.113355, -0.811818, 90.000000, 0.000000, 0.000000
-0.223815, 6.143957, -0.810936, 90.000000, 0.000000, 0.000000
-0.224219, 6.174997, -0.810043, 90.000000, 0.000000, 0.000000
-0.224614, 6.205386, -0.809168, 90.000000, 0.000000, 0.000000
-0.224786, 6.218612, -0.808787, 90.000000, 0.000000, 0.000000
-0.225475, 6.249227, -0.807264, 90.000000, 0.000000, 0.000000
-0.226167, 6.280000, -0.805732, 90.000000, 0.000000, 0.000000
-0.226855, 6.310620, -0.804209, 90.000000, 0.000000, 0.000000
-0.227571, 6.342435, -0.802626, 90.000000, 0.000000, 0.000000
-0.228303, 6.375005, -0.801005, 90.000000, 0.000000, 0.000000
-0.228993, 6.405705, -0.799477, 90.000000, 0.000000, 0.000000
-0.229645, 6.434701, -0.798034, 90.000000, 0.000000, 0.000000
-0.230679, 6.465941, -0.795748, 90.000000, 0.000000, 0.000000
-0.232063, 6.507795, -0.792685, 90.000000, 0.000000, 0.000000
-0.233090, 6.538862, -0.790411, 90.000000, 0.000000, 0.000000
-0.234086, 6.568949, -0.788209, 90.000000, 0.000000, 0.000000
-0.235050, 6.598100, -0.786076, 90.000000, 0.000000, 0.000000
-0.236043, 6.628131, -0.783878, 90.000000, 0.000000, 0.000000
-0.237026, 6.657862, -0.781702, 90.000000, 0.000000, 0.000000
-0.237457, 6.670894, -0.780748, 90.000000, 0.000000, 0.000000
-0.240513, 6.700952, -0.773987, 90.000000, 0.000000, 0.000000
-0.243551, 6.730845, -0.767263, 90.000000, 0.000000, 0.000000
-0.246626, 6.761094, -0.760459, 90.000000, 0.000000, 0.000000
-0.249647, 6.790819, -0.753773, 90.000000, 0.000000, 0.000000
-0.252699, 6.820838, -0.747021, 90.000000, 0.000000, 0.000000
-0.255743, 6.850783, -0.740285, 90.000000, 0.000000, 0.000000
-0.258653, 6.879421, -0.733844, 90.000000, 0.000000, 0.000000
-0.267719, 6.899157, -0.713782, 90.000000, 0.000000, 0.000000
-0.276724, 6.918760, -0.693856, 90.000000, 0.000000, 0.000000
-0.286369, 6.939757, -0.672512, 90.000000, 0.000000, 0.000000
-0.296319, 6.961416, -0.650496, 90.000000, 0.000000, 0.000000
-0.305697, 6.981831, -0.629744, 90.000000, 0.000000, 0.000000
-0.315596, 7.003382, -0.607837, 90.000000, 0.000000, 0.000000
-0.325091, 7.024052, -0.586826, 90.000000, 0.000000, 0.000000
-0.335230, 7.042403, -0.564390, 90.000000, 0.000000, 0.000000
-0.345363, 7.060742, -0.541969, 90.000000, 0.000000, 0.000000
-0.355714, 7.079477, -0.519063, 90.000000, 0.000000, 0.000000
-0.366216, 7.098485, -0.495824, 90.000000, 0.000000, 0.000000
-0.376002, 7.116197, -0.474169, 90.000000, 0.000000, 0.000000
-0.386334, 7.134898, -0.451305, 90.000000, 0.000000, 0.000000
-0.396029, 7.152444, -0.429853, 90.000000, 0.000000, 0.000000
-0.402723, 7.164560, -0.415039, 90.000000, 0.000000, 0.000000
-0.402723, 7.164560, -0.415039, 90.000000, 0.000000, 0.000000
-0.387488, 7.093338, -0.399805, 88.715030, 309.428300, 305.936700
-0.380860, 7.062351, -0.393176, 88.156130, 310.187800, 305.177000
-0.375146, 7.035636, -0.387462, 87.674420, 310.843000, 304.522100
-0.369312, 7.008363, -0.381629, 87.183190, 311.511700, 303.853300
-0.362560, 6.976793, -0.374876, 86.614880, 312.286100, 303.078900
-0.356118, 6.946678, -0.368434, 86.073440, 313.025000, 302.340000
-0.350078, 6.918442, -0.362394, 85.566460, 313.717900, 301.646900
-0.345558, 6.897308, -0.357874, 85.044530, 314.432300, 300.932600
-0.339167, 6.866474, -0.351483, 84.493770, 315.187700, 300.177200
-0.333019, 6.836814, -0.345335, 83.964800, 315.914700, 299.450200
-0.326447, 6.805109, -0.338763, 83.400550, 316.692100, 298.672600
-0.319878, 6.773417, -0.332194, 82.837650, 317.469700, 297.895100
-0.314050, 6.745301, -0.326366, 82.339480, 318.159900, 297.204800
-0.307920, 6.715730, -0.320236, 81.816630, 318.886400, 296.478400
-0.302133, 6.687809, -0.314449, 81.324210, 319.572700, 295.792000
-0.296851, 6.662328, -0.309167, 80.814190, 320.285700, 295.079000
-0.291152, 6.633715, -0.303468, 80.313790, 320.987900, 294.376900
-0.285551, 6.605598, -0.297868, 79.823410, 321.678300, 293.686400
-0.279617, 6.575805, -0.291933, 79.305440, 322.410600, 292.954200
-0.273711, 6.546156, -0.286027, 78.791690, 323.139800, 292.224900
-0.267830, 6.516627, -0.280146, 78.281850, 323.866800, 291.497900
-0.261934, 6.487027, -0.274250, 77.772610, 324.596200, 290.768500
-0.258721, 6.470901, -0.271038, 77.282260, 325.301900, 290.062800
-0.252005, 6.435093, -0.264321, 76.673850, 326.182300, 289.182300
-0.247102, 6.408952, -0.259419, 76.231630, 326.825800, 288.538900
-0.226733, 6.300352, -0.239049, 74.413610, 329.505500, 285.859200
-0.220529, 6.267274, -0.232845, 73.528370, 330.832400, 284.532300
-0.405000, 7.170000, -0.410000, 90.000000, 321.370000, 0.000000

-0.405000, 7.170000, -0.410000, 90.000000, 321.370000, 0.000000

-0.405000, 7.170000, -0.410000, 90.000000, 321.370000, 0.000000

-0.405000, 7.170000, -0.410000, 90.000000, 321.370000, 0.000000

-0.405000, 7.170000, -0.410000, 90.000000, 321.370000, 0.000000

-0.405000, 7.170000, -0.410000, 90.000000, 321.370000, 0.000000

-0.405000, 7.170000, -0.410000, 90.000000, 321.370000, 0.000000

-0.405000, 7.170000, -0.410000, 90.000000, 321.370000, 0.000000

-0.405000, 7.170000, -0.410000, 90.000000, 321.370000, 0.000000

-0.405000, 7.170000, -0.410000, 90.000000, 321.370000, 0.000000

-0.405000, 7.170000, -0.410000, 90.000000, 321.370000, 0.000000

-0.405000, 7.170000, -0.410000, 90.000000, 321.370000, 0.000000

-0.405000, 7.170000, -0.410000, 90.000000, 321.370000, 0.000000

-0.405000, 7.170000, -0.410000, 90.000000, 321.370000, 0.000000

-0.405000, 7.170000, -0.410000, 90.000000, 321.370000, 0.000000

-0.405000, 7.170000, -0.410000, 90.000000, 321.370000, 0.000000

-0.405000, 7.170000, -0.410000, 90.000000, 321.370000, 0.000000

-0.405000, 7.170000, -0.410000, 90.000000, 321.370000, 0.000000

-0.405000, 7.170000, -0.410000, 90.000000, 321.370000, 0.000000

-0.405000, 7.170000, -0.410000, 90.000000, 321.370000, 0.000000

-0.405000, 7.170000, -0.410000, 90.000000, 321.370000, 0.000000

-0.405000, 7.170000, -0.410000, 90.000000, 321.370000, 0.000000

-0.405000, 7.170000, -0.410000, 90.000000, 321.370000, 0.000000

-0.405000, 7.170000, -0.410000, 90.000000, 321.370000, 0.000000

-0.405000, 7.170000, -0.410000, 90.000000, 321.370000, 0.000000

-0.405000, 7.170000, -0.410000, 90.000000, 321.370000, 0.000000

-0.405000, 7.170000, -0.410000, 90.000000, 321.370000, 0.000000

-0.405000, 7.170000, -0.410000, 90.000000, 321.370000, 0.000000

-0.405000, 7.170000, -0.410000, 90.000000, 321.370000, 0.000000

-0.405000, 7.170000, -0.410000, 90.000000, 321.370000, 0.000000

-0.405000, 7.170000, -0.410000, 90.000000, 321.370000, 0.000000

-0.405000, 7.170000, -0.410000, 90.000000, 321.370000, 0.000000

-0.405000, 7.170000, -0.410000, 90.000000, 321.370000, 0.000000

-0.405000, 7.170000, -0.410000, 90.000000, 321.370000, 0.000000

-0.405000, 7.170000, -0.410000, 90.000000, 321.370000, 0.000000

-0.405000, 7.170000, -0.410000, 90.000000, 321.370000, 0.000000

-0.405000, 7.170000, -0.410000, 90.000000, 321.370000, 0.000000

-0.405000, 7.170000, -0.410000, 90.000000, 321.370000, 0.000000

-0.405000, 7.170000, -0.410000, 90.000000, 321.370000, 0.000000

-0.405000, 7.170000, -0.410000, 90.000000, 321.370000, 0.000000

-0.405000, 7.170000, -0.410000, 90.000000, 321.370000, 0.000000

-0.405000, 7.170000, -0.410000, 90.000000, 321.370000, 0.000000

-0.405000, 7.170000, -0.410000, 90.000000, 321.370000, 0.000000

-0.405000, 7.170000, -0.410000, 90.000000, 321.370000, 0.000000

-0.405000, 7.170000, -0.410000, 90.000000, 321.370000, 0.000000

-0.405000, 7.170000, -0.410000, 90.000000, 321.370000, 0.000000

-0.405000, 7.170000, -0.410000, 90.000000, 321.370000, 0.000000

-0.405000, 7.170000, -0.410000, 90.000000, 321.370000, 0.000000

-0.405000, 7.170000, -0.410000, 90.000000, 321.370000, 0.000000

-0.405000, 7.170000, -0.410000, 90.000000, 321.370000, 0.000000

-0.405000, 7.170000, -0.410000, 90.000000, 321.370000, 0.000000

-0.405000, 7.170000, -0.410000, 90.000000, 321.370000, 0.000000

-0.405000, 7.170000, -0.410000, 90.000000, 321.370000, 0.000000

-0.405000, 7.170000, -0.410000, 90.000000, 321.370000, 0.000000

-0.405000, 7.170000, -0.410000, 90.000000, 321.370000, 0.000000

-0.405000, 7.170000, -0.410000, 90.000000, 321.370000, 0.000000

-0.405000, 7.170000, -0.410000, 90.000000, 321.370000, 0.000000

-0.405000, 7.170000, -0.410000, 90.000000, 321.370000, 0.000000

-0.405000, 7.170000, -0.410000, 90.000000, 321.370000, 0.000000

-0.405000, 7.170000, -0.410000, 90.000000, 321.370000, 0.000000

-0.405000, 7.170000, -0.410000, 90.000000, 321.370000, 0.000000

-0.405000, 7.170000, -0.410000, 90.000000, 321.370000, 0.000000

-0.405000, 7.170000, -0.410000, 90.000000, 321.370000, 0.000000

-0.405000, 7.170000, -0.410000, 90.000000, 321.370000, 0.000000

-0.405000, 7.170000, -0.410000, 90.000000, 321.370000, 0.000000

-0.405000, 7.170000, -0.410000, 90.000000, 321.370000, 0.000000

-0.405000, 7.170000, -0.410000, 90.000000, 321.370000, 0.000000

-0.405000, 7.170000, -0.410000, 90.000000, 321.370000, 0.000000

-0.405000, 7.170000, -0.410000, 90.000000, 321.370000, 0.000000

-0.405000, 7.170000, -0.410000, 90.000000, 321.370000, 0.000000

-0.405000, 7.170000, -0.410000, 90.000000, 321.370000, 0.000000

-0.405000, 7.170000, -0.410000, 90.000000, 321.370000, 0.000000

-0.405000, 7.170000, -0.410000, 90.000000, 321.370000, 0.000000

-0.405000, 7.098423, -0.410000, 89.224180, 111.077600, 146.213700

-0.405000, 7.061261, -0.410000, 88.821640, 111.984500, 145.306800

-0.405000, 7.027910, -0.410000, 88.460490, 112.798400, 144.492600

-0.405000, 7.000023, -0.410000, 88.158780, 113.479200, 143.811800

-0.405000, 6.969261, -0.410000, 87.826330, 114.230200, 143.060900

-0.405000, 6.934778, -0.410000, 87.453850, 115.072100, 142.218900

-0.405000, 6.899225, -0.410000, 87.070630, 115.940200, 141.350700

-0.405000, 6.865358, -0.410000, 86.706040, 116.767200, 140.523400

-0.405000, 6.837436, -0.410000, 86.406270, 117.449300, 139.841400

-0.405000, 6.805560, -0.410000, 86.064330, 118.228100, 139.062600

-0.405000, 6.772844, -0.410000, 85.714260, 119.027600, 138.263200

-0.405000, 6.739633, -0.410000, 85.359790, 119.839300, 137.451500

-0.405000, 6.706088, -0.410000, 85.002690, 120.659400, 136.631300

-0.405000, 6.675421, -0.410000, 84.677080, 121.409400, 135.881400

-0.405000, 6.641780, -0.410000, 84.320900, 122.232200, 135.058400

-0.405000, 6.609382, -0.410000, 83.979070, 123.024900, 134.265600

-0.405000, 6.577808, -0.410000, 83.646990, 123.797800, 133.492800

-0.405000, 6.546129, -0.410000, 83.314960, 124.573500, 132.717200

-0.405000, 6.513276, -0.410000, 82.972010, 125.378100, 131.912600

-0.405000, 6.476992, -0.410000, 82.594720, 126.267100, 131.023500

-0.405000, 6.445738, -0.410000, 82.271270, 127.033200, 130.257400

-0.405000, 6.413784, -0.410000, 81.941950, 127.816800, 129.473900

-0.405000, 6.382704, -0.410000, 81.623020, 128.579200, 128.711400

-0.405000, 6.367992, -0.410000, 81.290950, 129.377300, 127.913400

-0.405000, 6.336551, -0.410000, 80.971470, 130.149300, 127.141400

-0.405000, 6.304837, -0.410000, 80.650900, 130.928300, 126.362400

-0.405000, 6.271583, -0.410000, 80.316620, 131.745400, 125.545200

-0.405000, 6.239974, -0.410000, 80.000660, 132.522600, 124.768100

-0.405000, 6.207267, -0.410000, 79.675700, 133.327100, 123.963600

-0.405000, 6.173708, -0.410000, 79.344360, 134.153000, 123.137700

-0.405000, 6.136615, -0.410000, 78.980680, 135.066500, 122.224300

-0.405000, 6.106812, -0.410000, 78.690480, 135.800700, 121.490000

-0.405000, 6.073812, -0.410000, 78.371350, 136.614200, 120.676500

-0.405000, 6.043396, -0.410000, 78.079220, 137.364400, 119.926300

-0.405000, 6.012913, -0.410000, 77.788520, 138.116700, 119.174100

-0.405000, 5.981727, -0.410000, 77.493260, 138.886700, 118.404100

-0.405000, 5.950217, -0.410000, 77.197220, 139.665200, 117.625600

-0.405000, 5.920819, -0.410000, 76.923120, 140.391800, 116.898900

-0.405000, 5.888778, -0.410000, 76.626800, 141.184300, 116.106400

-0.405000, 5.857089, -0.410000, 76.336190, 141.968500, 115.322100

-0.405000, 5.825276, -0.410000, 76.047030, 142.756300, 114.534300

-0.405000, 5.787922, -0.410000, 75.710800, 143.681900, 113.608700

-0.405000, 5.761987, -0.410000, 75.438160, 144.440600, 112.850000

-0.405000, 5.724699, -0.410000, 75.109270, 145.365800, 111.924800

-0.405000, 5.690746, -0.410000, 74.813210, 146.208900, 111.081800

-0.405000, 5.657897, -0.410000, 74.529820, 147.025100, 110.265600

-0.405000, 5.621802, -0.410000, 74.222030, 147.922600, 109.368100

-0.405000, 5.590232, -0.410000, 73.955940, 148.708100, 108.582600

-0.405000, 5.558242, -0.410000, 73.689390, 149.504600, 107.786100

-0.405000, 5.525635, -0.410000, 73.420860, 150.317000, 106.973700

-0.405000, 5.502366, -0.410000, 73.155220, 151.131300, 106.159400

-0.405000, 5.469966, -0.410000, 72.894970, 151.939600, 105.351100

-0.405000, 5.438480, -0.410000, 72.645290, 152.725700, 104.565000

-0.405000, 5.406687, -0.410000, 72.396480, 153.519900, 103.770800

-0.405000, 5.367286, -0.410000, 72.092710, 154.505000, 102.785800

-0.405000, 5.335384, -0.410000, 71.850590, 155.303100, 101.987600

-0.405000, 5.303761, -0.410000, 71.613990, 156.094900, 101.195800

-0.405000, 5.276607, -0.410000, 71.401920, 156.815000, 100.475700

-0.405000, 5.243515, -0.410000, 71.161350, 157.644600, 99.646130

-0.405000, 5.211455, -0.410000, 70.931980, 158.448800, 98.841900

-0.405000, 5.176323, -0.410000, 70.684920, 159.330700, 97.960000

-0.405000, 5.144422, -0.410000, 70.464420, 160.132100, 97.158680

-0.405000, 5.112656, -0.410000, 70.248610, 160.930600, 96.360190

-0.405000, 5.079669, -0.410000, 70.028500, 161.760300, 95.530440

-0.405000, 5.047156, -0.410000, 69.815550, 162.578700, 94.712120

-0.405000, 5.015558, -0.410000, 69.612460, 163.374500, 93.916280

-0.405000, 4.983376, -0.410000, 69.409580, 164.185600, 93.105210

-0.405000, 4.952039, -0.410000, 69.215910, 164.975900, 92.314950

-0.405000, 4.919721, -0.410000, 69.020220, 165.791300, 91.499440

-0.405000, 4.887504, -0.410000, 68.829290, 166.604800, 90.685970

-0.405000, 4.853344, -0.410000, 68.631420, 167.467900, 89.822900

-0.405000, 4.825859, -0.410000, 68.452380, 168.267600, 89.023160

-0.405000, 4.790040, -0.410000, 68.257240, 169.161700, 88.129120

-0.405000, 4.756794, -0.410000, 68.080510, 169.993100, 87.297700

-0.405000, 4.724582, -0.410000, 67.913360, 170.800100, 86.490690

-0.405000, 4.693617, -0.410000, 67.756550, 171.577100, 85.713660

-0.405000, 4.663451, -0.410000, 67.607480, 172.335300, 84.955510

-0.405000, 4.632988, -0.410000, 67.460670, 173.102000, 84.188740

-0.405000, 4.602491, -0.410000, 67.317540, 173.870700, 83.420010

-0.405000, 4.576519, -0.410000, 67.177190, 174.646300, 82.644440

-0.405000, 4.544460, -0.412390, 67.034610, 175.458900, 81.831890

-0.405000, 4.513554, -0.414694, 66.901310, 176.243200, 81.047580

-0.405000, 4.482557, -0.417005, 66.771770, 177.030700, 80.260050

-0.405000, 4.450596, -0.419388, 66.642570, 177.843700, 79.447080

-0.405000, 4.418994, -0.421744, 66.519260, 178.648300, 78.642410

-0.405000, 4.384382, -0.424324, 66.389310, 179.530600, 77.760170

-0.405000, 4.351276, -0.426792, 66.258900, 180.455900, 76.834820

-0.405000, 4.321828, -0.423116, 66.156910, 181.211600, 76.079130

-0.405000, 4.289474, -0.419078, 66.049480, 182.042400, 75.248290

-0.405000, 4.258786, -0.415247, 65.952090, 182.831000, 74.459720

-0.405000, 4.224623, -0.410983, 65.848830, 183.709400, 73.581300

-0.405000, 4.189857, -0.406643, 65.749380, 184.603800, 72.686870

-0.405000, 4.160483, -0.402976, 65.669830, 185.359900, 71.930820

-0.405000, 4.139465, -0.380166, 65.593790, 186.122300, 71.168380

-0.405000, 4.118186, -0.357073, 65.593790, 186.122300, 71.168380

-0.405000, 4.096560, -0.333604, 65.593790, 186.122300, 71.168380

-0.405000, 4.074637, -0.309812, 65.593790, 186.122300, 71.168380

-0.405000, 4.052637, -0.285935, 65.593790, 186.122300, 71.168380

-0.405000, 4.030795, -0.262232, 65.593790, 186.122300, 71.168380

-0.405000, 4.010205, -0.239886, 65.593790, 186.122300, 71.168380

-0.405000, 3.972966, -0.235421, 65.593790, 186.122300, 71.168380

-0.405000, 3.938613, -0.231301, 65.593790, 186.122300, 71.168380

-0.405000, 3.906599, -0.227462, 65.593790, 186.122300, 71.168380

-0.405000, 3.874729, -0.223640, 65.593790, 186.122300, 71.168380

-0.405000, 3.841680, -0.219676, 65.593790, 186.122300, 71.168380

-0.405000, 3.808977, -0.215754, 65.593790, 186.122300, 71.168380

-0.405000, 3.778049, -0.212045, 65.593790, 186.122300, 71.168380

-0.405000, 3.760994, -0.210000, 65.593790, 186.122300, 71.168380

-0.405000, 3.725312, -0.210000, 65.593790, 186.122300, 71.168380

-0.405000, 3.689157, -0.210000, 65.593790, 186.122300, 71.168380

-0.405000, 3.655179, -0.210000, 65.593790, 186.122300, 71.168380

-0.405000, 3.619313, -0.210000, 65.593790, 186.122300, 71.168380

-0.405000, 3.587191, -0.210000, 65.593790, 186.122300, 71.168380

-0.405000, 3.551807, -0.210000, 65.593790, 186.122300, 71.168380

-0.405000, 3.519303, -0.210000, 65.593790, 186.122300, 71.168380

-0.405000, 3.485399, -0.210000, 65.593790, 186.122300, 71.168380

-0.405000, 3.454733, -0.210000, 65.593790, 186.122300, 71.168380

-0.405000, 3.420604, -0.210000, 65.593790, 186.122300, 71.168380

-0.405000, 3.387517, -0.210000, 65.593790, 186.122300, 71.168380

-0.405000, 3.354035, -0.210000, 65.593790, 186.122300, 71.168380

-0.405000, 3.318208, -0.210000, 65.593790, 186.122300, 71.168380

-0.405000, 3.285141, -0.210000, 65.593790, 186.122300, 71.168380

-0.405000, 3.254502, -0.210000, 65.593790, 186.122300, 71.168380

-0.405000, 3.221622, -0.210000, 65.593790, 186.122300, 71.168380

-0.405000, 3.190648, -0.210000, 65.593790, 186.122300, 71.168380

-0.405000, 3.161044, -0.210000, 65.593790, 186.122300, 71.168380

-0.405000, 3.129245, -0.210000, 65.593790, 186.122300, 71.168380

-0.405000, 3.099286, -0.210000, 65.593790, 186.122300, 71.168380

-0.405000, 3.065895, -0.210000, 65.593790, 186.122300, 71.168380

-0.405143, 3.034361, -0.210143, 65.593790, 186.122300, 71.168380

-0.405285, 3.002928, -0.210285, 65.593790, 186.122300, 71.168380

-0.405474, 2.960932, -0.210474, 65.593790, 186.122300, 71.168380

-0.405633, 2.925780, -0.210633, 65.593790, 186.122300, 71.168380

-0.405789, 2.891290, -0.210789, 65.593790, 186.122300, 71.168380

-0.405934, 2.859195, -0.210934, 65.593790, 186.122300, 71.168380

-0.406001, 2.844340, -0.211001, 65.593790, 186.122300, 71.168380

-0.406841, 2.810693, -0.211841, 65.593790, 186.122300, 71.168380

-0.407597, 2.780346, -0.212597, 65.593790, 186.122300, 71.168380

-0.408319, 2.751405, -0.213319, 65.593790, 186.122300, 71.168380

-0.409114, 2.719528, -0.214114, 65.593790, 186.122300, 71.168380

-0.409872, 2.689141, -0.214872, 65.593790, 186.122300, 71.168380

-0.410620, 2.659137, -0.215620, 65.593790, 186.122300, 71.168380

-0.411400, 2.627881, -0.216400, 65.593790, 186.122300, 71.168380

-0.411843, 2.610129, -0.216843, 65.593790, 186.122300, 71.168380

-0.413066, 2.575202, -0.218067, 65.593790, 186.122300, 71.168380

-0.414134, 2.544729, -0.219134, 65.593790, 186.122300, 71.168380

-0.415210, 2.514035, -0.220210, 65.593790, 186.122300, 71.168380

-0.416348, 2.481534, -0.221348, 65.593790, 186.122300, 71.168380

-0.417466, 2.449637, -0.222466, 65.593790, 186.122300, 71.168380

-0.418523, 2.419480, -0.223523, 65.593790, 186.122300, 71.168380

-0.419573, 2.389513, -0.224573, 65.593790, 186.122300, 71.168380

-0.420418, 2.365396, -0.225418, 65.593790, 186.122300, 71.168380

-0.421384, 2.334682, -0.226384, 65.593790, 186.122300, 71.168380

-0.422409, 2.302134, -0.227409, 65.593790, 186.122300, 71.168380

-0.423395, 2.270802, -0.228395, 65.593790, 186.122300, 71.168380

-0.424665, 2.230420, -0.229665, 65.593790, 186.122300, 71.168380

-0.425645, 2.199292, -0.230645, 65.593790, 186.122300, 71.168380

-0.426696, 2.165910, -0.231696, 65.593790, 186.122300, 71.168380

-0.427201, 2.149848, -0.232201, 65.593790, 186.122300, 71.168380

-0.427703, 2.117771, -0.232703, 65.593790, 186.122300, 71.168380

-0.428196, 2.086266, -0.233196, 65.593790, 186.122300, 71.168380

-0.428722, 2.052658, -0.233721, 65.593790, 186.122300, 71.168380

-0.429215, 2.021099, -0.234215, 65.593790, 186.122300, 71.168380

-0.429717, 1.989011, -0.234717, 65.593790, 186.122300, 71.168380

-0.430200, 1.958136, -0.235200, 65.593790, 186.122300, 71.168380

-0.430706, 1.925820, -0.235706, 65.593790, 186.122300, 71.168380

-0.430177, 1.890458, -0.235177, 65.593790, 186.122300, 71.168380

-0.429682, 1.857409, -0.234682, 65.593790, 186.122300, 71.168380

-0.429195, 1.824834, -0.234195, 65.593790, 186.122300, 71.168380

-0.428662, 1.789201, -0.233662, 65.593790, 186.122300, 71.168380

-0.428167, 1.756132, -0.233167, 65.593790, 186.122300, 71.168380

-0.427672, 1.723024, -0.232672, 65.593790, 186.122300, 71.168380

-0.427210, 1.692131, -0.232210, 65.593790, 186.122300, 71.168380

-0.427019, 1.679362, -0.232019, 65.593790, 186.122300, 71.168380

-0.425056, 1.646945, -0.230056, 65.593790, 186.122300, 71.168380

-0.423080, 1.614300, -0.228080, 65.593790, 186.122300, 71.168380

-0.421084, 1.581333, -0.226084, 65.593790, 186.122300, 71.168380

-0.419177, 1.549843, -0.224177, 65.593790, 186.122300, 71.168380

-0.416916, 1.512494, -0.221916, 65.593790, 186.122300, 71.168380

-0.414660, 1.475224, -0.219660, 65.593790, 186.122300, 71.168380

-0.413461, 1.455416, -0.218461, 65.593790, 186.122300, 71.168380

-0.399719, 1.425140, -0.204719, 65.593790, 186.122300, 71.168380

-0.387788, 1.398854, -0.192788, 65.593790, 186.122300, 71.168380

-0.375604, 1.372011, -0.180604, 65.593790, 186.122300, 71.168380

-0.363391, 1.345103, -0.168391, 65.593790, 186.122300, 71.168380

-0.350304, 1.316271, -0.155304, 65.593790, 186.122300, 71.168380

-0.338185, 1.289571, -0.143185, 65.593790, 186.122300, 71.168380

-0.328898, 1.269109, -0.133898, 65.593790, 186.122300, 71.168380

-0.309346, 1.249571, -0.114339, 65.593790, 186.122300, 71.168380

-0.290984, 1.231222, -0.095969, 65.593790, 186.122300, 71.168380

-0.269421, 1.209674, -0.074398, 65.593790, 186.122300, 71.168380

-0.247161, 1.187430, -0.052130, 65.593790, 186.122300, 71.168380

-0.231126, 1.171406, -0.036088, 65.593790, 186.122300, 71.168380

-0.211789, 1.152082, -0.016744, 65.593790, 186.122300, 71.168380

-0.194436, 1.134742, 0.000616, 65.593790, 186.122300, 71.168380

-0.196365, 1.099564, -0.001426, 65.593790, 186.122300, 71.168380

-0.198385, 1.062714, -0.003565, 65.593790, 186.122300, 71.168380

-0.200092, 1.031573, -0.005372, 65.593790, 186.122300, 71.168380

-0.202002, 0.996746, -0.007393, 65.593790, 186.122300, 71.168380

-0.203810, 0.963757, -0.009308, 65.593790, 186.122300, 71.168380

-0.205765, 0.928109, -0.011377, 65.593790, 186.122300, 71.168380

-0.207937, 0.888484, -0.013676, 65.593790, 186.122300, 71.168380

-0.209548, 0.853325, -0.015693, 65.593790, 186.122300, 71.168380

-0.211181, 0.817666, -0.017737, 65.593790, 186.122300, 71.168380

-0.212784, 0.782669, -0.019744, 65.593790, 186.122300, 71.168380

-0.214183, 0.753312, -0.027039, 65.593790, 186.122300, 71.168380

-0.215931, 0.716613, -0.036159, 65.593790, 186.122300, 71.168380

-0.217536, 0.682923, -0.044530, 65.593790, 186.122300, 71.168380

-0.219179, 0.648449, -0.053097, 65.593790, 186.122300, 71.168380

-0.220913, 0.612046, -0.062142, 65.593790, 186.122300, 71.168380

-0.222382, 0.581217, -0.069803, 65.593790, 186.122300, 71.168380

-0.224096, 0.545238, -0.078744, 65.593790, 186.122300, 71.168380

-0.225450, 0.516822, -0.085805, 65.593790, 186.122300, 71.168380

-0.226858, 0.487270, -0.093148, 65.593790, 186.122300, 71.168380

-0.228319, 0.456615, -0.100766, 65.593790, 186.122300, 71.168380

-0.229771, 0.426123, -0.108343, 65.593790, 186.122300, 71.168380

-0.231217, 0.395780, -0.115883, 65.593790, 186.122300, 71.168380

-0.232792, 0.362731, -0.124095, 65.593790, 186.122300, 71.168380

-0.234468, 0.327553, -0.132836, 65.593790, 186.122300, 71.168380

-0.235978, 0.295842, -0.140716, 65.593790, 186.122300, 71.168380

-0.237400, 0.265996, -0.148133, 65.593790, 186.122300, 71.168380

-0.239063, 0.231102, -0.156804, 65.593790, 186.122300, 71.168380

-0.240572, 0.199428, -0.164674, 65.593790, 186.122300, 71.168380

-0.242045, 0.168519, -0.172355, 65.593790, 186.122300, 71.168380

-0.242045, 0.168519, -0.172355, 65.593790, 186.122300, 71.168380

-0.242045, 0.168519, -0.172355, 65.593790, 186.122300, 71.168380

-0.242045, 0.168519, -0.172355, 65.593790, 186.122300, 71.168380

-0.242045, 0.168519, -0.172355, 65.593790, 186.122300, 71.168380

-0.242045, 0.168519, -0.172355, 65.593790, 186.122300, 71.168380

-0.242045, 0.168519, -0.172355, 65.593790, 186.122300, 71.168380

-0.242045, 0.168519, -0.172355, 65.593790, 186.122300, 71.168380

-0.242045, 0.168519, -0.172355, 65.593790, 186.122300, 71.168380

-0.242045, 0.168519, -0.172355, 65.593790, 186.122300, 71.168380

-0.242045, 0.168519, -0.172355, 65.593790, 186.122300, 71.168380

-0.242045, 0.168519, -0.172355, 65.593790, 186.122300, 71.168380

-0.242045, 0.168519, -0.172355, 65.593790, 186.122300, 71.168380

-0.242045, 0.168519, -0.172355, 65.593790, 186.122300, 71.168380

-0.242045, 0.168519, -0.172355, 65.593790, 186.122300, 71.168380

-0.242045, 0.168519, -0.172355, 65.593790, 186.122300, 71.168380

-0.242045, 0.168519, -0.172355, 65.593790, 186.122300, 71.168380

-0.242045, 0.168519, -0.172355, 65.593790, 186.122300, 71.168380

-0.242045, 0.168519, -0.172355, 65.593790, 186.122300, 71.168380

-0.242045, 0.168519, -0.172355, 65.593790, 186.122300, 71.168380

-0.242045, 0.168519, -0.172355, 65.593790, 186.122300, 71.168380

-0.242045, 0.168519, -0.172355, 65.593790, 186.122300, 71.168380

-0.242045, 0.168519, -0.172355, 65.593790, 186.122300, 71.168380

-0.242045, 0.168519, -0.172355, 65.593790, 186.122300, 71.168380

-0.242045, 0.168519, -0.172355, 65.593790, 186.122300, 71.168380

-0.242045, 0.168519, -0.172355, 65.593790, 186.122300, 71.168380

-0.242045, 0.168519, -0.172355, 65.593790, 186.122300, 71.168380

-0.242045, 0.168519, -0.172355, 65.593790, 186.122300, 71.168380

-0.242045, 0.168519, -0.172355, 65.593790, 186.122300, 71.168380

-0.242045, 0.168519, -0.172355, 65.593790, 186.122300, 71.168380

-0.242045, 0.168519, -0.172355, 65.593790, 186.122300, 71.168380

-0.242045, 0.168519, -0.172355, 65.593790, 186.122300, 71.168380

-0.242045, 0.168519, -0.172355, 65.593790, 186.122300, 71.168380

